id,title,genre,description,director,year,poster,backdrop
1,The Shawshank Redemption,Drama,"Two imprisoned men bond over a number of years, finding solace and eventual redemption through acts of common decency.",Frank Darabont,1994,https://image.tmdb.org/t/p/w780/9cqNxx0GxF0bflZmeSMuL5tnGzr.jpg,https://image.tmdb.org/t/p/original/9cqNxx0GxF0bflZmeSMuL5tnGzr.jpg
2,The Dark Knight,"Action, Crime, Drama",A masked vigilante battles a criminal mastermind who plunges Gotham into chaos.,Christopher Nolan,2008,https://image.tmdb.org/t/p/w780/qJ2tW6WMUDux911r6m7haRef0WH.jpg,https://image.tmdb.org/t/p/original/qJ2tW6WMUDux911r6m7haRef0WH.jpg
3,Inception,"Action, Sci-Fi, Thriller",A skilled extractor enters dreams to steal secrets and is given a difficult task involving an idea.,Christopher Nolan,2010,https://image.tmdb.org/t/p/w780/oYuLEt3zVCKq57qu2F8dT7NIa6f.jpg,https://image.tmdb.org/t/p/original/oYuLEt3zVCKq57qu2F8dT7NIa6f.jpg
4,Interstellar,"Adventure, Drama, Sci-Fi",Explorers travel through a wormhole in space in an attempt to ensure humanity's survival.,Christopher Nolan,2014,https://image.tmdb.org/t/p/w780/gEU2QniE6E77NI6lCU6MxlNBvIx.jpg,https://image.tmdb.org/t/p/original/gEU2QniE6E77NI6lCU6MxlNBvIx.jpg
5,The Matrix,"Action, Sci-Fi",A hacker discovers that reality is a simulated world and joins a rebellion against its controllers.,"Lana Wachowski, Lilly Wachowski",1999,https://image.tmdb.org/t/p/w780/f89U3ADr1oiB1s9GkdPOEpXUk5H.jpg,https://image.tmdb.org/t/p/original/f89U3ADr1oiB1s9GkdPOEpXUk5H.jpg
6,The Lord of the Rings,"Adventure, Fantasy",A young hobbit begins a dangerous journey to destroy a powerful ring.,Peter Jackson,2001,https://image.tmdb.org/t/p/w780/6oom5QYQ2yQTMJIbnvbkBL9cHo6.jpg,https://image.tmdb.org/t/p/original/6oom5QYQ2yQTMJIbnvbkBL9cHo6.jpg
7,Harry Potter and the Sorcerer's Stone,"Adventure, Fantasy",A young wizard begins his education at a magical school and discovers his destiny.,Chris Columbus,2001,https://image.tmdb.org/t/p/w780/wuMc08IPKEatf9rnMNXvIDxqP4W.jpg,https://image.tmdb.org/t/p/original/wuMc08IPKEatf9rnMNXvIDxqP4W.jpg
8,Avengers: Endgame,"Action, Adventure, Sci-Fi",The Avengers make a final effort to reverse a catastrophic event and restore the universe.,"Anthony Russo, Joe Russo",2019,https://image.tmdb.org/t/p/w780/or06FN3Dka5tukK1e9sl16pB3iy.jpg,https://image.tmdb.org/t/p/original/or06FN3Dka5tukK1e9sl16pB3iy.jpg
9,Spider-Man: Into the Spider-Verse,"Animation, Action, Adventure",A teenager becomes Spider-Man and meets heroes from parallel dimensions.,"Bob Persichetti, Peter Ramsey, Rodney Rothman",2018,https://image.tmdb.org/t/p/w780/8Vt6mWEReuy4Of61Lnj5Xj704m8.jpg,https://image.tmdb.org/t/p/original/8Vt6mWEReuy4Of61Lnj5Xj704m8.jpg
10,The Martian,"Adventure, Drama, Sci-Fi",An astronaut stranded on Mars uses science and determination to survive until rescue.,Ridley Scott,2015,https://image.tmdb.org/t/p/w780/5aGhaIHYuQbqlHWvWYqMCnj40y2.jpg,https://image.tmdb.org/t/p/original/5aGhaIHYuQbqlHWvWYqMCnj40y2.jpg
11,Gravity,"Drama, Sci-Fi, Thriller",Two astronauts fight for survival after an accident leaves them stranded in orbit.,Alfonso Cuarón,2013,https://image.tmdb.org/t/p/w780/kZ2nZw8D681aphje8NJi8EfbL2U.jpg,https://image.tmdb.org/t/p/original/kZ2nZw8D681aphje8NJi8EfbL2U.jpg
12,Arrival,"Drama, Sci-Fi",A linguist works with the military to communicate with mysterious alien visitors.,Denis Villeneuve,2016,https://image.tmdb.org/t/p/w780/x2FJsf1ElAgr63Y3PNPtJrcmpoe.jpg,https://image.tmdb.org/t/p/original/x2FJsf1ElAgr63Y3PNPtJrcmpoe.jpg
13,Titanic,"Drama, Romance",A young couple from different social classes meet aboard the ill-fated Titanic.,James Cameron,1997,https://image.tmdb.org/t/p/w780/9xjZS2rlVxm8SFx8kPC3aIGCOYQ.jpg,https://image.tmdb.org/t/p/original/9xjZS2rlVxm8SFx8kPC3aIGCOYQ.jpg
14,La La Land,"Comedy, Drama, Music",A musician and an aspiring actress pursue their dreams while navigating love in Los Angeles.,Damien Chazelle,2016,https://image.tmdb.org/t/p/w780/uDO8zWDhfWwoFdKS4fzkUJt0Rf0.jpg,https://image.tmdb.org/t/p/original/uDO8zWDhfWwoFdKS4fzkUJt0Rf0.jpg
15,The Godfather,"Crime, Drama",The aging head of a crime family transfers control to his reluctant son.,Francis Ford Coppola,1972,https://image.tmdb.org/t/p/w780/3bhkrj58Vtu7enYsRolD1fZdja1.jpg,https://image.tmdb.org/t/p/original/3bhkrj58Vtu7enYsRolD1fZdja1.jpg
16,Gladiator,"Action, Drama",A betrayed Roman general becomes a gladiator and seeks revenge.,Ridley Scott,2000,https://images.unsplash.com/photo-1536440136628-849c177e76a1?auto=format&fit=crop&w=700&q=85,https://images.unsplash.com/photo-1536440136628-849c177e76a1?auto=format&fit=crop&w=1800&q=85
17,Jurassic Park,"Adventure, Sci-Fi, Thriller",Scientists visit a theme park where cloned dinosaurs escape containment.,Steven Spielberg,1993,https://images.unsplash.com/photo-1489599849927-2ee91cede3ba?auto=format&fit=crop&w=700&q=85,https://images.unsplash.com/photo-1489599849927-2ee91cede3ba?auto=format&fit=crop&w=1800&q=85
18,Toy Story,"Animation, Adventure, Comedy",A cowboy toy feels threatened when a new space-ranger toy arrives.,John Lasseter,1995,https://image.tmdb.org/t/p/w780/uXDfjJbdP4ijW5hWSBrPrlKpxab.jpg,https://image.tmdb.org/t/p/original/uXDfjJbdP4ijW5hWSBrPrlKpxab.jpg
19,Finding Nemo,"Animation, Adventure, Comedy",A cautious clownfish crosses the ocean to find his missing son.,Andrew Stanton,2003,https://image.tmdb.org/t/p/w780/eHuGQ10FUzK1mdOY69wF5pGgEf5.jpg,https://image.tmdb.org/t/p/original/eHuGQ10FUzK1mdOY69wF5pGgEf5.jpg
20,Coco,"Animation, Adventure, Family",A young musician enters the Land of the Dead and discovers his family's history.,Lee Unkrich,2017,https://placehold.co/700x1050/151515/ffffff?text=Coco,https://placehold.co/1800x1000/101010/ffffff?text=Coco
21,Whiplash,"Drama, Music",A determined drummer faces an intense and demanding music instructor.,Damien Chazelle,2014,https://images.unsplash.com/photo-1485846234645-a62644f84728?auto=format&fit=crop&w=700&q=85,https://images.unsplash.com/photo-1485846234645-a62644f84728?auto=format&fit=crop&w=1800&q=85
22,Parasite,"Comedy, Drama, Thriller",A struggling family gradually enters the lives of a wealthy household.,Bong Joon Ho,2019,https://images.unsplash.com/photo-1500530855697-b586d89ba3ee?auto=format&fit=crop&w=700&q=85,https://images.unsplash.com/photo-1500530855697-b586d89ba3ee?auto=format&fit=crop&w=1800&q=85
23,Dune,"Action, Adventure, Drama",A young nobleman travels to a dangerous desert planet and becomes part of a larger conflict.,Denis Villeneuve,2021,https://images.unsplash.com/photo-1518709268805-4e9042af9f23?auto=format&fit=crop&w=700&q=85,https://images.unsplash.com/photo-1518709268805-4e9042af9f23?auto=format&fit=crop&w=1800&q=85
24,Top Gun: Maverick,"Action, Drama",A veteran pilot trains a new generation of elite aviators for a dangerous mission.,Joseph Kosinski,2022,https://images.unsplash.com/photo-1517604931442-7e0c8ed2963c?auto=format&fit=crop&w=700&q=85,https://images.unsplash.com/photo-1517604931442-7e0c8ed2963c?auto=format&fit=crop&w=1800&q=85
25,Oppenheimer,"Biography, Drama, History",A scientist leads the development of the first atomic bomb while facing political consequences.,Christopher Nolan,2023,https://images.unsplash.com/photo-1518676590629-3dcbd9c5a5c9?auto=format&fit=crop&w=700&q=85,https://images.unsplash.com/photo-1518676590629-3dcbd9c5a5c9?auto=format&fit=crop&w=1800&q=85
26,The Prestige,"Drama, Mystery, Sci-Fi",Two rival magicians become obsessed with defeating one another through increasingly dangerous tricks.,Christopher Nolan,2006,https://images.unsplash.com/photo-1489599849927-2ee91cede3ba?auto=format&fit=crop&w=700&q=85,https://images.unsplash.com/photo-1489599849927-2ee91cede3ba?auto=format&fit=crop&w=1800&q=85
27,The Lion King,"Animation, Adventure, Drama",A young lion prince must overcome loss and reclaim his place as king.,"Roger Allers, Rob Minkoff",1994,https://images.unsplash.com/photo-1500530855697-b586d89ba3ee?auto=format&fit=crop&w=700&q=85,https://images.unsplash.com/photo-1500530855697-b586d89ba3ee?auto=format&fit=crop&w=1800&q=85
28,Forrest Gump,"Drama, Romance",A kind-hearted man experiences major moments in American history while searching for meaning.,Robert Zemeckis,1994,https://images.unsplash.com/photo-1519681393784-d120267933ba?auto=format&fit=crop&w=700&q=85,https://images.unsplash.com/photo-1519681393784-d120267933ba?auto=format&fit=crop&w=1800&q=85
29,Iron Man,"Action, Adventure, Sci-Fi",A billionaire inventor builds an advanced armored suit and becomes a superhero.,Jon Favreau,2008,https://images.unsplash.com/photo-1485846234645-a62644f84728?auto=format&fit=crop&w=700&q=85,https://images.unsplash.com/photo-1485846234645-a62644f84728?auto=format&fit=crop&w=1800&q=85
30,Black Panther,"Action, Adventure, Sci-Fi",A new king must protect his technologically advanced nation from a powerful rival.,Ryan Coogler,2018,https://images.unsplash.com/photo-1536440136628-849c177e76a1?auto=format&fit=crop&w=700&q=85,https://images.unsplash.com/photo-1536440136628-849c177e76a1?auto=format&fit=crop&w=1800&q=85
